Model,Test F1,Test Accuracy
XGBoost Baseline,0.6544125553077594,0.657608695652174
XGBoost Ordinal Weights,0.6465756475808312,0.6467391304347826
